Old Key,New Key
accept,consent-popup.button.accept
access.button.plans,access.button.plans
access.editor,access.editor
access.info,access.info
access.list,access.list
access.noOwner,access.noOwner
access.no_rights,access.no_rights
access.owner,access.owner
access.search.label,access.search.label
admin.banner,admin.banner.sectionTitle
admin.banner-missing-info,admin.banner.state.missing
admin.color-theme.advanced,admin.theme.advanced
admin.color-theme.buttons.save,admin.color-theme.buttons.save
admin.color-theme.colorPicker.helper-text,admin.theme.color-picker.helper-text
admin.color-theme.colorPicker.title,admin.theme.color-picker.title
admin.color-theme.colorPreview.primary,admin.theme.color-preview.primary
admin.color-theme.colorPreview.secondary,admin.theme.color-preview.secondary
admin.color-theme.colorPreview.tertiary,admin.theme.color-preview.tertiary
admin.color-theme.colorPreview.title,admin.theme.color-preview.title
admin.color-theme.colors.primary,admin.theme.colors.primary
admin.color-theme.colors.primary-container,admin.theme.colors.primary-container
admin.color-theme.colors.secondary,admin.theme.colors.secondary
admin.color-theme.colors.secondary-container,admin.theme.colors.secondary-container
admin.color-theme.colors.tertiary,admin.theme.colors.tertiary
admin.color-theme.colors.tertiary-container,admin.theme.colors.tertiary-container
admin.color-theme.exact-colors,admin.theme.exact-colors
admin.color-theme.popup.error,admin.theme.popup.error
admin.color-theme.popup.success,admin.theme.popup.success
admin.color-theme.title,admin.theme.title
admin.create.banner,admin.banner.action.create
admin.create.storage,admin.internalStorage.action.create
admin.create.translation,admin.internalStorage.translation.action.create
admin.delete.banner,admin.banner.action.delete
admin.dialog.banner.add,admin.banner.dialog.title.create
admin.dialog.banner.button.add,admin.banner.dialog.button.add
admin.dialog.banner.button.cancel,admin.banner.dialog.button.cancel
admin.dialog.banner.button.update,admin.banner.dialog.button.update
admin.dialog.banner.captions.color,admin.banner.dialog.field.backgroundColor
admin.dialog.banner.captions.description,admin.banner.dialog.field.description
admin.dialog.banner.captions.dismissible,admin.banner.dialog.field.dismissible
admin.dialog.banner.captions.title,admin.banner.dialog.field.title
admin.dialog.banner.edit,admin.banner.dialog.title.edit
admin.dialog.banner.tooltip.color,admin.banner.dialog.help.backgroundColor
admin.dialog.internal-storage-translation.add,admin.internalStorage.translation.dialog.title.create
admin.dialog.internal-storage-translation.button.add,admin.internalStorage.translation.dialog.button.add
admin.dialog.internal-storage-translation.button.cancel,admin.internalStorage.translation.dialog.button.cancel
admin.dialog.internal-storage-translation.button.update,admin.internalStorage.translation.dialog.button.update
admin.dialog.internal-storage-translation.captions.backupFrequency,admin.internalStorage.translation.dialog.field.backupFrequency
admin.dialog.internal-storage-translation.captions.description,admin.internalStorage.translation.dialog.field.description
admin.dialog.internal-storage-translation.captions.deu,admin.internalStorage.translation.dialog.field.deu
admin.dialog.internal-storage-translation.captions.eng,admin.internalStorage.translation.dialog.field.eng
admin.dialog.internal-storage-translation.captions.languageCode,admin.internalStorage.translation.dialog.field.languageCode
admin.dialog.internal-storage-translation.captions.title,admin.internalStorage.translation.dialog.field.title
admin.dialog.internal-storage-translation.edit,admin.internalStorage.translation.dialog.title.edit
admin.dialog.internal-storage.add,admin.internalStorage.dialog.title.create
admin.dialog.internal-storage.button.add,admin.dialog.internal-storage.button.add
admin.dialog.internal-storage.button.cancel,admin.dialog.internal-storage.button.cancel
admin.dialog.internal-storage.button.update,admin.dialog.internal-storage.button.update
admin.dialog.internal-storage.captions.active,admin.internalStorage.dialog.field.active
admin.dialog.internal-storage.captions.backupLocation,admin.internalStorage.dialog.field.backupLocation
admin.dialog.internal-storage.captions.storageLocation,admin.internalStorage.dialog.field.storageLocation
admin.dialog.internal-storage.captions.url,admin.internalStorage.dialog.field.url
admin.dialog.internal-storage.edit,admin.internalStorage.dialog.title.edit
admin.edit.banner,admin.banner.action.edit
admin.edit.images,admin.edit.images
admin.edit.repositories,admin.edit.repositories
admin.edit.theme,admin.edit.theme
admin.image,admin.images.sectionTitle
admin.images.actions.delete,admin.images.actions.delete
admin.images.current.title,admin.images.current.title
admin.images.dialog.cancel,admin.images.dialog.cancel
admin.images.dialog.delete,admin.images.dialog.delete
admin.images.dialog.warning,admin.images.dialog.warning
admin.images.title,admin.images.title
admin.images.upload.button,admin.images.upload.button
admin.images.upload.drag-drop,admin.images.upload.drag-drop
admin.images.upload.error,admin.images.upload.error
admin.images.upload.file-size-too-large,admin.images.upload.file.size-too-large
admin.images.upload.file-types,admin.images.upload.file-types
admin.images.upload.image-type,admin.images.upload.image-type
admin.images.upload.invalid-file-type,admin.images.upload.invalid-file-type
admin.images.upload.max-size,admin.images.upload.max-size
admin.images.upload.success,admin.images.upload.success
admin.images.upload.title,admin.images.upload.title
admin.internal-storage,admin.internalStorage.sectionTitle
admin.internal-storage-translations,admin.internalStorage.translation.sectionTitle
admin.internal-storage-translations-no-selected,admin.internal-storage-translations-no-selected
admin.recommended-repositories,admin.recommended-repositories.sectionTitle
admin.repositories.current,admin.recommended-repositories.current
admin.repositories.delete-dialog.cancel,admin.repositories.delete-dialog.cancel
admin.repositories.delete-dialog.confirm,admin.repositories.delete-dialog.confirm
admin.repositories.delete-dialog.message,admin.recommended-repositories.delete-dialog.message
admin.repositories.delete-dialog.name,admin.repositories.delete-dialog.name
admin.repositories.delete-dialog.repositoryId,admin.recommended-repositories.delete-dialog.repositoryId
admin.repositories.delete-dialog.title,admin.repositories.delete-dialog.title
admin.repositories.empty,admin.recommended-repositories.empty
admin.repositories.title,admin.recommended-repositories.title
admin.reset-selection,admin.internalStorage.selection.reset
admin.table.action.delete,admin.internalStorage.table.action.delete
admin.table.action.edit,admin.internalStorage.table.action.edit
admin.table.action.translation,admin.internalStorage.table.action.translation
admin.table.empty,admin.internalStorage.table.state.empty
admin.table.header.action,admin.internalStorage.table.header.actions
admin.table.header.active,admin.internalStorage.table.header.active
admin.table.header.backupFrequency,admin.internalStorage.table.header.backupFrequency
admin.table.header.backupLocation,admin.internalStorage.table.header.backupLocation
admin.table.header.description,admin.internalStorage.table.header.description
admin.table.header.languageCode,admin.internalStorage.translation.table.header.languageCode
admin.table.header.langugageCode,admin.internalStorage.translation.table.header.languageCode
admin.table.header.storageLocation,admin.internalStorage.table.header.storageLocation
admin.table.header.title,admin.internalStorage.table.header.title
admin.table.header.url,admin.internalStorage.table.header.url
admin.table.no-selected,admin.internalStorage.table.state.noneSelected
admin.template.sectionTitle,admin.template.sectionTitle
admin.edit.templates,admin.edit.templates
admin.templates.title,admin.templates.title
admin.templates.current,admin.templates.current
admin.templates.active,admin.templates.active
admin.templates.inactive,admin.templates.inactive
admin.templates.actions.delete,admin.templates.actions.delete
admin.templates.upload.title,admin.templates.upload.title
admin.templates.upload.name,admin.templates.upload.name
admin.templates.upload.placeholder,admin.templates.upload.placeholder
admin.templates.upload.basis,admin.templates.upload.basis
admin.templates.upload.info,admin.templates.upload.info
admin.templates.upload.dropzone,admin.templates.upload.dropzone
admin.templates.upload.button,admin.templates.upload.button
admin.templates.success.upload,admin.templates.success.upload
admin.templates.success.status,admin.templates.success.status
admin.templates.success.delete,admin.templates.success.delete
admin.templates.error.missing,admin.templates.error.missing
admin.templates.error.upload,admin.templates.error.upload
admin.templates.error.status,admin.templates.error.status
admin.templates.error.delete,admin.templates.error.delete
admin.templates.error.format,admin.templates.error.format
admin.templates.error.size,admin.templates.error.size
admin.theme,admin.theme.sectionTitle
admin.title,admin.pageTitle
admin.translation-info,admin.internalStorage.translation.info
agreement,consent-popup.agreement.gdprNotice
button.actions,button.actions
button.discard,actions-bar.buttons.discard
button.export,actions-bar.buttons.export
button.preview.content,actions-bar.buttons.preview.label
button.preview.tooltipDisabled,actions-bar.buttons.preview.hintWhenDisabled
button.save,actions-bar.buttons.save
button.version,button.version
contenttypes,dmp.steps.repositories.contenttypes
dashboard.dmp.heading,dashboard.dmp.heading
dashboard.dmp.text.dmp.link,info.how-to-create.dmp.text.dmp.link
dashboard.dmp.text.dmp.text,info.how-to-create.dmp.text.dmp.text
dashboard.dmp.text.fairprinciples.link,info.how-to-create.dmp.text.fairprinciples.link
dashboard.dmp.text.fairprinciples.text,info.how-to-create.dmp.text.fairprinciples.text
dashboard.dmp.text.middle,info.how-to-create.dmp.text.middle
dashboard.dmp.text.prefix,info.how-to-create.dmp.text.prefix
dashboard.dmp.text.suffix,info.how-to-create.dmp.text.suffix
dashboard.instructions.create.description,dashboard.cards.create-new-dmp.back-side
dashboard.instructions.create.heading,dashboard.cards.create-new-dmp.front-side
dashboard.instructions.description,dashboard.cards.how-to-create.back-side
dashboard.instructions.export.body,info.how-to-create.instructions.export.body
dashboard.instructions.export.heading,info.how-to-create.instructions.export.heading
dashboard.instructions.finalise.body,info.how-to-create.instructions.finalise.body
dashboard.instructions.finalise.heading,info.how-to-create.instructions.finalise.heading
dashboard.instructions.heading,dashboard.cards.how-to-create.front-side
dashboard.instructions.steps.body,info.how-to-create.instructions.steps.body
dashboard.instructions.steps.heading,info.how-to-create.instructions.steps.heading
dashboard.instructions.update.body,info.how-to-create.instructions.update.body
dashboard.instructions.update.heading,info.how-to-create.instructions.update.heading
dashboard.tool.bulletpoints.benefits.one,info.about.bulletpoints.benefits.one
dashboard.tool.bulletpoints.benefits.text,info.about.bulletpoints.benefits.text
dashboard.tool.bulletpoints.benefits.three,info.about.bulletpoints.benefits.three
dashboard.tool.bulletpoints.benefits.two,info.about.bulletpoints.benefits.two
dashboard.tool.bulletpoints.dmp.sepg.link,info.about.bulletpoints.dmp.sepg.link
dashboard.tool.bulletpoints.dmp.sepg.text,info.about.bulletpoints.dmp.sepg.text
dashboard.tool.bulletpoints.dmp.text,info.about.bulletpoints.dmp.text
dashboard.tool.bulletpoints.document,info.about.bulletpoints.document
dashboard.tool.bulletpoints.madmp.prefix,info.about.bulletpoints.madmp.prefix
dashboard.tool.bulletpoints.madmp.rda.link,info.about.bulletpoints.madmp.rda.link
dashboard.tool.bulletpoints.madmp.rda.text,info.about.bulletpoints.madmp.rda.text
dashboard.tool.bulletpoints.madmp.suffix,info.about.bulletpoints.madmp.suffix
dashboard.tool.bulletpoints.supports,info.about.bulletpoints.supports
dashboard.tool.description,dashboard.cards.about-damap.back-side
dashboard.tool.heading,info.how-to-create.tool.heading
dashboard.tool.link,info.about.link
dialog.delete.button,delete.dialog.button.delete
dialog.delete.cancel,delete.dialog.button.cancel
dialog.delete.content.dmp,delete.dialog.message.dmp
dialog.delete.content.storage,delete.dialog.message.storage
dialog.delete.content.storageTranslation,delete.dialog.message.storageTranslation
dialog.delete.title,delete.dialog.title
dialog.export.button,export-dialog.button.ok
dialog.export.cancel,export-dialog.button.cancel
dialog.export.content,export-dialog.message
dialog.export.title,export-dialog.title
dialog.export.type,export-dialog.field.type
dmp.dialog.button.cancel,version-save.dialog.button.cancel
dmp.dialog.button.save,version-save.dialog.button.save
dmp.dialog.description,version-save.dialog.message
dmp.dialog.label,version-save.dialog.field.versionName.label
dmp.dialog.title,version-save.dialog.title
dmp.error.load,dmp.error.load
dmp.error.save,dmp.save.error
dmp.nodatasets,dmp.nodatasets
dmp.nonewdataset,dmp.nonewdataset
dmp.steps.costs.addButton,dmp.steps.costs.addButton
dmp.steps.costs.infoBox.description,dmp.steps.costs.infoBox.description
dmp.steps.costs.label,dmp.steps.costs.label
dmp.steps.costs.question.description,dmp.steps.costs.question.description
dmp.steps.costs.question.exist.label,dmp.steps.costs.question.exist.label
dmp.steps.costs.question.exist.no,dmp.steps.costs.question.exist.no
dmp.steps.costs.question.exist.yes,dmp.steps.costs.question.exist.yes
dmp.steps.costs.question.other,dmp.steps.costs.question.specifyType
dmp.steps.costs.question.title,dmp.steps.costs.question.name
dmp.steps.costs.question.type,dmp.steps.costs.question.type
dmp.steps.costs.question.value,dmp.steps.costs.question.value
dmp.steps.costs.rightLabel,dmp.steps.costs.sectionTitle
dmp.steps.data.access.aria.other,dmp.steps.data.access.aria.other
dmp.steps.data.access.aria.public,dmp.steps.data.access.aria.public
dmp.steps.data.access.aria.selected,dmp.steps.data.access.aria.selected
dmp.steps.data.access.question.dataset,dmp.steps.data.access.question.dataset
dmp.steps.data.access.question.other,dmp.steps.data.access.question.other
dmp.steps.data.access.question.public,dmp.steps.data.access.question.public
dmp.steps.data.access.question.right,dmp.steps.data.access.question.right
dmp.steps.data.access.question.selected,dmp.steps.data.access.question.selected
dmp.steps.data.deletion.question.date,dmp.steps.data.deletion.question.date
dmp.steps.data.deletion.question.delete,dmp.steps.data.deletion.question.delete
dmp.steps.data.deletion.question.label,dmp.steps.data.deletion.question.label
dmp.steps.data.deletion.question.person,dmp.steps.data.deletion.question.person
dmp.steps.data.deletion.question.reason,dmp.steps.data.deletion.question.reason
dmp.steps.data.reuse.label,dmp.steps.data.reuse.label
dmp.steps.data.reuse.question.restrictedDataAccess,dmp.steps.data.reuse.question.restrictedDataAccess
dmp.steps.data.reuse.question.targetAudience,dmp.steps.data.reuse.question.long.targetAudience
dmp.steps.data.reuse.question.tools,dmp.steps.data.reuse.question.long.tools
dmp.steps.data.reuse.rightLabel,dmp.steps.data.reuse.sectionTitle
dmp.steps.data.specify.answer.kind.none,dmp.steps.data.specify.answer.none
dmp.steps.data.specify.answer.kind.reuse.none,dmp.steps.data.specify.answer.kind.reuse.none]
dmp.steps.data.specify.answer.kind.specify,dmp.steps.data.specify.answer.defineDatasets
dmp.steps.data.specify.answer.kind.unknown,dmp.steps.data.specify.answer.unknownYet
dmp.steps.data.specify.button.add.doi,dmp.steps.data.specify.button.addFromDoi
dmp.steps.data.specify.button.add.manual,dmp.steps.data.specify.button.addManual
dmp.steps.data.specify.dialog.add,dmp.steps.data.specify.dialog.title.create
dmp.steps.data.specify.dialog.button.add,dmp.steps.data.specify.dialog.button.add
dmp.steps.data.specify.dialog.button.addTechnicalResource,dmp.steps.data.specify.dialog.button.addTechnicalResource
dmp.steps.data.specify.dialog.button.cancel,dmp.steps.data.specify.dialog.button.cancel
dmp.steps.data.specify.dialog.button.close,dmp.steps.data.specify.dialog.button.close
dmp.steps.data.specify.dialog.button.update,dmp.steps.data.specify.dialog.button.update
dmp.steps.data.specify.dialog.description,dmp.steps.data.specify.dialog.description
dmp.steps.data.specify.dialog.edit,dmp.steps.data.specify.dialog.edit
dmp.steps.data.specify.dialog.fileFormat,dmp.steps.data.specify.dialog.fileFormat
dmp.steps.data.specify.dialog.fileFormat.info,dmp.steps.data.specify.dialog.fileFormat.info
dmp.steps.data.specify.dialog.license,dmp.steps.data.specify.dialog.license
dmp.steps.data.specify.dialog.size,dmp.steps.data.specify.dialog.size
dmp.steps.data.specify.dialog.source,dmp.steps.data.specify.dialog.source
dmp.steps.data.specify.dialog.technicalResource,dmp.steps.data.specify.dialog.technicalResource
dmp.steps.data.specify.dialog.title,dmp.steps.data.specify.dialog.field.title
dmp.steps.data.specify.dialog.type,dmp.steps.data.specify.dialog.type
dmp.steps.data.specify.doi.not.found,dmp.steps.data.specify.doi.notFound
dmp.steps.data.specify.doi.search,dmp.steps.data.specify.doi.search
dmp.steps.data.specify.intro.default,dmp.steps.data.specify.intro.default
dmp.steps.data.specify.intro.reused,dmp.steps.data.specify.intro.reused
dmp.steps.data.specify.label,dmp.steps.data.specify.label
dmp.steps.data.specify.question.kind,dmp.steps.data.specify.question.kind
dmp.steps.data.specify.question.nodata,dmp.steps.data.specify.question.long.noData
dmp.steps.data.specify.question.reused,dmp.steps.data.specify.question.reused
dmp.steps.data.specify.tab.access,dmp.steps.storage.view.button.access
dmp.steps.data.specify.tab.cancel,dmp.steps.data.specify.dialog.button.cancel
dmp.steps.data.specify.tab.storage,dmp.steps.storage.view.button.storage
dmp.steps.data.specify.tab.upload,dmp.steps.data.specify.button.upload
dmp.steps.data.specify.table.header.actions,dmp.steps.data.specify.table.header.actions
dmp.steps.data.specify.table.header.dataset,dmp.steps.data.specify.table.header.dataset
dmp.steps.data.specify.table.header.datatype,dmp.steps.data.specify.table.header.datatype
dmp.steps.data.specify.table.header.description,dmp.steps.data.specify.table.header.description
dmp.steps.data.specify.table.header.fileFormat,dmp.steps.data.specify.table.header.fileFormat
dmp.steps.data.specify.table.header.license,dmp.steps.data.specify.table.header.license
dmp.steps.data.specify.table.header.size,dmp.steps.data.specify.table.header.size
dmp.steps.data.specify.table.header.source,dmp.steps.data.specify.table.header.source
dmp.steps.data.specify.table.heading.new,dmp.steps.data.specify.view.button.new
dmp.steps.data.specify.table.heading.reused,dmp.steps.data.specify.view.button.reused
dmp.steps.documentation.label,dmp.steps.documentation.label
dmp.steps.documentation.question.dataQuality,dmp.steps.documentation.question.long.dataQuality
dmp.steps.documentation.question.datageneration,dmp.steps.data.specify.question.long.dataGeneration
dmp.steps.documentation.question.documentation,dmp.steps.documentation.question.long.documentation
dmp.steps.documentation.question.metadata,dmp.steps.documentation.question.long.metadata
dmp.steps.documentation.question.otherDataQuality,dmp.steps.documentation.question.long.otherDataQuality
dmp.steps.documentation.question.structure,dmp.steps.documentation.question.long.structure
dmp.steps.end.label,dmp.steps.end.label
dmp.steps.ethical.heading,dmp.steps.legal.view.button.ethical
dmp.steps.ethical.question.committeeReviewed.prefix,dmp.steps.legal.question.committeeReviewed.prefix
dmp.steps.ethical.question.committeeReviewed.researchCommittee.link,dmp.steps.legal.question.committeeReviewed.researchCommittee.link
dmp.steps.ethical.question.committeeReviewed.researchCommittee.text,dmp.steps.legal.question.committeeReviewed.researchCommittee.text
dmp.steps.ethical.question.committeeReviewed.suffix,dmp.steps.legal.question.committeeReviewed.suffix
dmp.steps.ethical.question.ethicalIssueReport,dmp.steps.legal.question.ethicalIssueReport
dmp.steps.ethical.question.ethicalIssues,dmp.steps.legal.question.ethicalIssues
dmp.steps.ethical.question.humanParticipants,dmp.steps.legal.question.humanParticipants
dmp.steps.legal.heading,dmp.steps.legal.view.button.legal
dmp.steps.legal.label,dmp.steps.legal.label
dmp.steps.legal.link.sensitiveData,dmp.steps.legal.link.sensitiveData
dmp.steps.legal.question.dataRightsAndAccessControl,dmp.steps.legal.question.long.dataRightsAndAccessControl
dmp.steps.legal.question.dataset.legalRestrictions,dmp.steps.legal.question.dataset.legalRestrictions
dmp.steps.legal.question.dataset.personalData,dmp.steps.legal.question.dataset.personalData
dmp.steps.legal.question.dataset.sensitiveData,dmp.steps.legal.question.dataset.sensitiveData
dmp.steps.legal.question.legalRestrictions,dmp.steps.legal.question.legalRestrictions
dmp.steps.legal.question.legalRestrictionsComment,dmp.steps.legal.question.long.legalRestrictionsComment
dmp.steps.legal.question.legalRestrictionsDocuments,dmp.steps.legal.question.legalRestrictionsDocuments
dmp.steps.legal.question.otherDataSecurityMeasures,dmp.steps.legal.question.long.otherDataSecurityMeasures
dmp.steps.legal.question.otherLegalRestrictionsDocuments,dmp.steps.legal.question.long.otherLegalRestrictionsDocuments
dmp.steps.legal.question.otherPersonalDataCompliance,dmp.steps.legal.question.long.otherPersonalDataCompliance
dmp.steps.legal.question.personalData,dmp.steps.legal.question.personalData
dmp.steps.legal.question.personalDataCompliance,dmp.steps.legal.question.personalDataCompliance
dmp.steps.legal.question.sensitiveData.link,dmp.steps.legal.question.sensitiveData.link
dmp.steps.legal.question.sensitiveData.prefix,dmp.steps.legal.question.sensitiveData.prefix
dmp.steps.legal.question.sensitiveData.suffix,dmp.steps.legal.question.sensitiveData.suffix
dmp.steps.legal.question.sensitiveDataAccess,dmp.steps.legal.question.long.sensitiveDataAccess
dmp.steps.legal.question.sensitiveDataSecurity,dmp.steps.legal.question.sensitiveDataSecurity
dmp.steps.licensing.info,dmp.steps.licensing.info
dmp.steps.licensing.label,dmp.steps.licensing.label
dmp.steps.licensing.question.closedAccessInfo,dmp.steps.licensing.question.long.closedAccessInfo
dmp.steps.licensing.question.dataAccess,dmp.steps.licensing.question.dataAccess
dmp.steps.licensing.question.license.existing,dmp.steps.licensing.question.license.existing
dmp.steps.licensing.question.license.reused,dmp.steps.licensing.question.license.reused
dmp.steps.licensing.question.restrictedAccessInfo,dmp.steps.licensing.question.long.restrictedAccessInfo
dmp.steps.licensing.question.startDate,dmp.steps.licensing.question.startDate
dmp.steps.licensing.rightLabel,dmp.steps.licensing.sectionTitle
dmp.steps.licensing.warning.legalRestrictions,dmp.steps.licensing.warning.legalRestrictions
dmp.steps.licensing.warning.personalData,dmp.steps.licensing.warning.personalData
dmp.steps.licensing.warning.pseudonymisation,dmp.steps.licensing.warning.pseudonymisation
dmp.steps.people.confirm.dialog.button.cancel,dmp.steps.people.delete.dialog.button.cancel
dmp.steps.people.confirm.dialog.button.confirm,dmp.steps.people.delete.dialog.button.confirm
dmp.steps.people.confirm.dialog.heading,dmp.steps.people.delete.dialog.heading
dmp.steps.people.confirm.dialog.question,dmp.steps.people.delete.dialog.question
dmp.steps.people.contact.add,dmp.steps.people.contact.add
dmp.steps.people.contact.cancel,dmp.steps.people.contact.cancel
dmp.steps.people.contact.edit,dmp.steps.people.contact.edit
dmp.steps.people.contact.editContributor,dmp.steps.people.contact.editContributor
dmp.steps.people.contact.info,dmp.steps.people.contact.info
dmp.steps.people.contact.person,dmp.steps.people.contact.person
dmp.steps.people.contact.remove,dmp.steps.people.contact.remove
dmp.steps.people.contact.title,dmp.steps.people.contact.title
dmp.steps.people.contact.update,dmp.steps.people.contact.update
dmp.steps.people.contributor.add,dmp.steps.people.contributor.add
dmp.steps.people.contributor.remove,dmp.steps.people.contributor.remove
dmp.steps.people.contributor.role,dmp.steps.people.contributor.role
dmp.steps.people.contributor.search,dmp.steps.people.view.button.searchContributor
dmp.steps.people.general.addAll,dmp.steps.people.general.addAll
dmp.steps.people.general.recommendations,dmp.steps.people.general.recommendations
dmp.steps.people.general.search,dmp.steps.people.general.search
dmp.steps.people.label,dmp.steps.people.label
dmp.steps.people.manual.input.hide,dmp.steps.people.view.button.manualContributor
dmp.steps.people.manual.input.question.firstname,dmp.steps.people.manual.input.question.firstname
dmp.steps.people.manual.input.question.lastname,dmp.steps.people.manual.input.question.lastname
dmp.steps.people.manual.input.question.mbox,dmp.steps.people.manual.input.question.mbox
dmp.steps.people.manual.input.question.orcid,dmp.steps.people.manual.input.question.orcid
dmp.steps.people.nopeople,dmp.steps.people.nopeople
dmp.steps.people.search,dmp.steps.people.search
dmp.steps.people.search.service,dmp.steps.people.search.service
dmp.steps.project.input.acronym,dmp.steps.project.input.acronym
dmp.steps.project.input.button.existing,dmp.steps.project.input.button.existing
dmp.steps.project.input.button.new,dmp.steps.project.input.button.new
dmp.steps.project.input.date,dmp.steps.project.input.date
dmp.steps.project.input.datehint,dmp.steps.project.input.datehint
dmp.steps.project.input.description,dmp.steps.project.input.short.description
dmp.steps.project.input.info,dmp.steps.project.input.info
dmp.steps.project.input.title,dmp.steps.project.input.title
dmp.steps.project.label,dmp.steps.project.view.button.choose
dmp.steps.project.list,dmp.steps.project.list
dmp.steps.project.manual.input,dmp.steps.project.view.button.manual
dmp.steps.project.search,dmp.steps.project.search
dmp.steps.project.select,dmp.steps.project.select
dmp.steps.project.selected,dmp.steps.project.selected
dmp.steps.project.success,dmp.steps.project.success
dmp.steps.project.warning.dmp,dmp.steps.project.warning.dmp
dmp.steps.repositories.add,dmp.steps.repositories.add
dmp.steps.repositories.filter,dmp.steps.repositories.filter
dmp.steps.repositories.filter.find,dmp.steps.repositories.filter.find
dmp.steps.repositories.filter.reset,dmp.steps.repositories.filter.reset
dmp.steps.repositories.filters,dmp.steps.repositories.filters
dmp.steps.repositories.find,dmp.steps.repositories.find
dmp.steps.repositories.find.other,dmp.steps.repositories.find.other
dmp.steps.repositories.heading,dmp.steps.repositories.heading
dmp.steps.repositories.label,dmp.steps.repositories.label
dmp.steps.repositories.loading.failed.all,dmp.steps.repositories.loading.failed.all
dmp.steps.repositories.loading.failed.recommended,dmp.steps.repositories.loading.failed.recommended
dmp.steps.repositories.loading.load.all,dmp.steps.repositories.loading.load.all
dmp.steps.repositories.loading.load.recommended,dmp.steps.repositories.loading.load.recommended
dmp.steps.repositories.nodatafilter,dmp.steps.repositories.nodatafilter
dmp.steps.repositories.norepositories,dmp.steps.repositories.norepositories
dmp.steps.repositories.question.datasets,dmp.steps.repositories.question.datasets
dmp.steps.repositories.recommended,dmp.steps.repositories.recommended
dmp.steps.repositories.recommended.none,dmp.steps.repositories.recommended.none
dmp.steps.repositories.selected,dmp.steps.repositories.selected
dmp.steps.repositories.table.header.title,dmp.steps.repositories.table.header.title
dmp.steps.repositories.use,dmp.steps.repositories.use
dmp.steps.repositories.warning.deletion,dmp.steps.repositories.warning.deletion
dmp.steps.retentionPeriod.question.retentionPeriod,dmp.steps.retentionPeriod.question.retentionPeriod
dmp.steps.retentionPeriod.title,dmp.steps.retentionPeriod.title
dmp.steps.retentionPeriod.years,dmp.steps.retentionPeriod.years
dmp.steps.storage.external.add,dmp.steps.storage.external.add
dmp.steps.storage.external.question.backup.frequency,dmp.steps.storage.external.question.backup.frequency
dmp.steps.storage.external.question.backup.location,dmp.steps.storage.external.question.backup.location
dmp.steps.storage.external.question.info,dmp.steps.storage.external.question.long.info
dmp.steps.storage.external.question.isManagedInternally,dmp.steps.storage.external.question.isManagedInternally
dmp.steps.storage.external.question.location,dmp.steps.storage.external.question.location
dmp.steps.storage.external.question.name,dmp.steps.storage.external.question.name
dmp.steps.storage.external.remove,dmp.steps.storage.external.remove
dmp.steps.storage.intro,dmp.steps.storage.intro
dmp.steps.storage.label,dmp.steps.storage.label
dmp.steps.storage.link,dmp.steps.storage.link
dmp.steps.storage.question.datasets,dmp.steps.storage.question.datasets
dmp.steps.storage.remove,dmp.steps.storage.remove
dmp.steps.summary.allinfo,dmp.steps.summary.allinfo
dmp.steps.summary.costs.none,dmp.steps.summary.costs.none
dmp.steps.summary.data.specify.datasets.datageneration,dmp.steps.summary.data.specify.datasets.datageneration
dmp.steps.summary.data.specify.datasets.missingexplanation,dmp.steps.summary.data.specify.datasets.missingexplanation
dmp.steps.summary.data.specify.datasets.none.produced,dmp.steps.summary.data.specify.datasets.none.produced
dmp.steps.summary.data.specify.datasets.none.reused,dmp.steps.summary.data.specify.datasets.none.reused
dmp.steps.summary.data.specify.datasets.produced,dmp.steps.summary.data.specify.datasets.produced
dmp.steps.summary.data.specify.datasets.unknown.produced,dmp.steps.summary.data.specify.datasets.unknown.produced
dmp.steps.summary.licensing.complete,dmp.steps.summary.licensing.complete
dmp.steps.summary.licensing.incomplete,dmp.steps.summary.licensing.incomplete
dmp.steps.summary.licensing.noproduceddata,dmp.steps.summary.licensing.noproduceddata
dmp.steps.summary.nodatasets,dmp.steps.summary.nodatasets
dmp.steps.summary.noinfo,dmp.steps.summary.noinfo
dmp.steps.summary.notspecified,dmp.steps.summary.notspecified
dmp.steps.summary.partially,dmp.steps.summary.partially
dmp.steps.summary.people.contact.missing,dmp.steps.summary.people.contact.missing
dmp.steps.summary.people.contact.set,dmp.steps.summary.people.contact.set
dmp.steps.summary.people.contributor.additional,dmp.steps.summary.people.contributor.additional
dmp.steps.summary.people.contributor.multiple,dmp.steps.summary.people.contributor.multiple
dmp.steps.summary.people.contributor.none,dmp.steps.summary.people.contributor.none
dmp.steps.summary.people.contributor.one,dmp.steps.summary.people.contributor.one
dmp.steps.summary.project.none,dmp.steps.summary.project.none
dmp.steps.summary.repositories.deposited.complete,dmp.steps.summary.repositories.deposited.complete
dmp.steps.summary.repositories.deposited.incomplete,dmp.steps.summary.repositories.deposited.incomplete
dmp.steps.summary.repositories.noproduceddata,dmp.steps.summary.repositories.noproduceddata
dmp.steps.summary.storage.allinfo,dmp.steps.summary.storage.allinfo
dmp.steps.summary.storage.missingexplanation,dmp.steps.summary.storage.missingexplanation
dmp.steps.summary.storage.missingstorage,dmp.steps.summary.storage.missingstorage
dmp.steps.summary.storage.nonestored,dmp.steps.summary.storage.nonestored
dmp.steps.summary.table.header.completeness,dmp.steps.summary.table.header.completeness
dmp.steps.summary.table.header.status,dmp.steps.summary.table.header.status
dmp.steps.summary.table.header.step,dmp.steps.summary.table.header.step
dmp.steps.summary.title,dmp.steps.summary.title
dmp.success.save,dmp.success.save
dmp.success.update,dmp.success.update
dmp.success.version.save,dmp.success.version.save
duration,consent-popup.dataRetention.duration
enum.accessright.NONE,enum.accessright.NONE
enum.accessright.READ,enum.accessright.READ
enum.accessright.WRITE,enum.accessright.WRITE
enum.agreement.CONFIDENTIALITY_AGREEMENT,enum.agreement.CONFIDENTIALITY_AGREEMENT
enum.agreement.CONSORTIUM_AGREEMENT,enum.agreement.CONSORTIUM_AGREEMENT
enum.agreement.DATA_PROCESSING_AGREEMENT,enum.agreement.DATA_PROCESSING_AGREEMENT
enum.agreement.DATA_TRANSFER_AGREEMENT,enum.agreement.DATA_TRANSFER_AGREEMENT
enum.agreement.JOINT_CONTROL_AGREEMENT,enum.agreement.JOINT_CONTROL_AGREEMENT
enum.agreement.OTHER,enum.agreement.OTHER
enum.compliance.ANONYMISATION,enum.compliance.ANONYMISATION
enum.compliance.ENCRYPTION,enum.compliance.ENCRYPTION
enum.compliance.INFORMED_CONSENT,enum.compliance.INFORMED_CONSENT
enum.compliance.OTHER,enum.compliance.OTHER
enum.compliance.PSEUDONYMISATION,enum.compliance.PSEUDONYMISATION
enum.contributor.role.DATA_COLLECTOR,enum.contributor.role.DATA_COLLECTOR
enum.contributor.role.DATA_CURATOR,enum.contributor.role.DATA_CURATOR
enum.contributor.role.DATA_MANAGER,enum.contributor.role.DATA_MANAGER
enum.contributor.role.DISTRIBUTOR,enum.contributor.role.DISTRIBUTOR
enum.contributor.role.EDITOR,enum.contributor.role.EDITOR
enum.contributor.role.HOSTING_INSTITUTION,enum.contributor.role.HOSTING_INSTITUTION
enum.contributor.role.OTHER,enum.contributor.role.OTHER
enum.contributor.role.PRINCIPAL_INVESTIGATOR,enum.contributor.role.PRINCIPAL_INVESTIGATOR
enum.contributor.role.PRODUCER,enum.contributor.role.PRODUCER
enum.contributor.role.PROJECT_COORDINATOR,enum.contributor.role.PROJECT_COORDINATOR
enum.contributor.role.PROJECT_LEADER,enum.contributor.role.PROJECT_LEADER
enum.contributor.role.PROJECT_MANAGER,enum.contributor.role.PROJECT_MANAGER
enum.contributor.role.PROJECT_MEMBER,enum.contributor.role.PROJECT_MEMBER
enum.contributor.role.REGISTRATION_AGENCY,enum.contributor.role.REGISTRATION_AGENCY
enum.contributor.role.REGISTRATION_AUTHORITY,enum.contributor.role.REGISTRATION_AUTHORITY
enum.contributor.role.RELATED_PERSON,enum.contributor.role.RELATED_PERSON
enum.contributor.role.RESEARCHER,enum.contributor.role.RESEARCHER
enum.contributor.role.RESEARCH_GROUP,enum.contributor.role.RESEARCH_GROUP
enum.contributor.role.RIGHTS_HOLDER,enum.contributor.role.RIGHTS_HOLDER
enum.contributor.role.SPONSOR,enum.contributor.role.SPONSOR
enum.contributor.role.SUPERVISOR,enum.contributor.role.SUPERVISOR
enum.contributor.role.WORK_PACKAGE_LEADER,enum.contributor.role.WORK_PACKAGE_LEADER
enum.costs.DATABASE,enum.costs.DATABASE
enum.costs.DATA_ACQUISITION,enum.costs.DATA_ACQUISITION
enum.costs.FILE_BASED_STORAGE,enum.costs.FILE_BASED_STORAGE
enum.costs.HARDWARE_AND_INFRASTRUCTURE,enum.costs.HARDWARE_AND_INFRASTRUCTURE
enum.costs.LEGAL_ADVICE,enum.costs.LEGAL_ADVICE
enum.costs.OTHER,enum.costs.OTHER
enum.costs.PERSONNEL,enum.costs.PERSONNEL
enum.costs.REPOSITORY,enum.costs.REPOSITORY
enum.costs.SOFTWARE_LICENSE,enum.costs.SOFTWARE_LICENSE
enum.costs.TRAINING,enum.costs.TRAINING
enum.dataaccess.CLOSED,enum.dataaccess.CLOSED
enum.dataaccess.OPEN,enum.dataaccess.OPEN
enum.dataaccess.RESTRICTED,enum.dataaccess.RESTRICTED
enum.dataquality.CALIBRATION,enum.dataquality.CALIBRATION
enum.dataquality.DATA_ENTRY_VALIDATION,enum.dataquality.DATA_ENTRY_VALIDATION
enum.dataquality.OTHERS,enum.dataquality.OTHERS
enum.dataquality.PEER_REVIEW_OF_DATA,enum.dataquality.PEER_REVIEW_OF_DATA
enum.dataquality.REPEATED_SAMPLES_OR_MEASUREMENTS,enum.dataquality.REPEATED_SAMPLES_OR_MEASUREMENTS
enum.dataquality.REPRESENTATION_WITH_CONTROLLED_VOCABULARIES,enum.dataquality.REPRESENTATION_WITH_CONTROLLED_VOCABULARIES
enum.dataquality.STANDARDISED_DATA_CAPTURE,enum.dataquality.STANDARDISED_DATA_CAPTURE
enum.dataset.type.ARCHIVED_DATA,enum.dataset.type.ARCHIVED_DATA
enum.dataset.type.AUDIOVISUAL_DATA,enum.dataset.type.AUDIOVISUAL_DATA
enum.dataset.type.CONFIGURATION_DATA,enum.dataset.type.CONFIGURATION_DATA
enum.dataset.type.DATABASES,enum.dataset.type.DATABASES
enum.dataset.type.IMAGES,enum.dataset.type.IMAGES
enum.dataset.type.NETWORKBASED_DATA,enum.dataset.type.NETWORKBASED_DATA
enum.dataset.type.OTHER,enum.dataset.type.OTHER
enum.dataset.type.PLAIN_TEXT,enum.dataset.type.PLAIN_TEXT
enum.dataset.type.RAW_DATA,enum.dataset.type.RAW_DATA
enum.dataset.type.SCIENTIFIC_STATISTICAL_DATA,enum.dataset.type.SCIENTIFIC_STATISTICAL_DATA
enum.dataset.type.SOFTWARE_APPLICATIONS,enum.dataset.type.SOFTWARE_APPLICATIONS
enum.dataset.type.SOURCE_CODE,enum.dataset.type.SOURCE_CODE
enum.dataset.type.STANDARD_OFFICE_DOCUMENTS,enum.dataset.type.STANDARD_OFFICE_DOCUMENTS
enum.dataset.type.STRUCTURED_GRAPHICS,enum.dataset.type.STRUCTURED_GRAPHICS
enum.dataset.type.STRUCTURED_TEXT,enum.dataset.type.STRUCTURED_TEXT
enum.securitymeasure.ADDITIONAL_LOGIN,enum.securitymeasure.ADDITIONAL_LOGIN
enum.securitymeasure.AUTOMATIC_LOCKING_OF_CLIENTS,enum.securitymeasure.AUTOMATIC_LOCKING_OF_CLIENTS
enum.securitymeasure.ENCRYPTION_OF_SYSTEMS,enum.securitymeasure.ENCRYPTION_OF_SYSTEMS
enum.securitymeasure.INDIVIDUAL_LOGIN,enum.securitymeasure.INDIVIDUAL_LOGIN
enum.securitymeasure.LOCKED_STORAGE,enum.securitymeasure.LOCKED_STORAGE
enum.securitymeasure.OTHER,enum.securitymeasure.OTHER
env.text,env.text
env.title,environment-banner.title
fair,fair
form.changes.saved,actions-bar.status.saved
form.changes.unsaved,actions-bar.status.unsaved
form.error.doi,validation.error.doi
form.error.duplicateDoi,validation.error.doiDuplicate
form.error.empty,validation.error.invalidValue
form.error.maxlength,validation.error.maxLength
form.error.orcid,validation.error.orcid
form.error.pattern.currency,validation.error.currencyFormat
form.error.required,validation.error.required
form.error.uri,validation.error.uri
form.error.url,validation.error.url
gdpr.info,gdpr.info
gdpr.title,gdpr.title
heading,consent-popup.title
help.ethical.ethicalIssues,dmp.steps.legal.help.ethicalIssues
help.ethical.humanParticipants,dmp.steps.legal.help.humanParticipants
help.legal.personalDataCompliance,dmp.steps.legal.help.personalDataCompliance
help.legal.sensitiveDataSecurity,dmp.steps.legal.help.sensitiveDataSecurity
http.error.errorCodes.RE3DATA_NOT_FOUND,http.error.errorCodes.RE3DATA_NOT_FOUND
http.error.errorCodes.RE3DATA_NOT_AVAILABLE,http.error.errorCodes.RE3DATA_NOT_AVAILABLE
http.error.errorCodes.RE3DATA_UNEXPECTED_ERROR,http.error.errorCodes.RE3DATA_UNEXPECTED_ERROR
http.error.errorCodes.RE3DATA_RECOMMENDED_NOT_FOUND,http.error.errorCodes.RE3DATA_RECOMMENDED_NOT_FOUND
http.error.errorCodes.RE3DATA_RECOMMENDED_NOT_AVAILABLE,http.error.errorCodes.RE3DATA_RECOMMENDED_NOT_AVAILABLE
http.error.errorCodes.RE3DATA_RECOMMENDED_UNEXPECTED_ERROR,http.error.errorCodes.RE3DATA_RECOMMENDED_UNEXPECTED_ERROR
http.error.errorCodes.ORCID_PERSON_NOT_FOUND,http.error.errorCodes.ORCID_PERSON_NOT_FOUND
http.error.errorCodes.ORCID_NOT_AVAILABLE,http.error.errorCodes.ORCID_NOT_AVAILABLE
http.error.errorCodes.ORCID_UNEXPECTED_ERROR,http.error.errorCodes.ORCID_UNEXPECTED_ERROR
http.error.errorCodes.OPENAIRE_NOT_FOUND,http.error.errorCodes.OPENAIRE_NOT_FOUND
http.error.errorCodes.OPENAIRE_NOT_AVAILABLE,http.error.errorCodes.OPENAIRE_NOT_AVAILABLE
http.error.errorCodes.OPENAIRE_UNEXPECTED_ERROR,http.error.errorCodes.OPENAIRE_UNEXPECTED_ERROR
http.error.errorCodes.GOTENBERG_NOT_AVAILABLE,http.error.errorCodes.GOTENBERG_NOT_AVAILABLE
http.error.errorCodes.GOTENBERG_UNEXPECTED_ERROR,http.error.errorCodes.GOTENBERG_UNEXPECTED_ERROR
http.error.errorCodes.PURE_NOT_FOUND,http.error.errorCodes.PURE_NOT_FOUND
http.error.errorCodes.PURE_NOT_AVAILABLE,http.error.errorCodes.PURE_NOT_AVAILABLE
http.error.errorCodes.PURE_UNEXPECTED_ERROR,http.error.errorCodes.PURE_UNEXPECTED_ERROR
http.error.0,http.error.0
http.error.404,http.error.404
http.error.500,http.error.500
http.error.503,http.error.503
http.error.access.delete,http.error.access.delete
http.error.access.load,http.error.access.load
http.error.access.save,http.error.access.save
http.error.admin.recommended-repositories.delete,http.error.recommended-repositories.delete
http.error.admin.recommended-repositories.load,http.error.recommended-repositories.load
http.error.admin.recommended-repositories.save,http.error.recommended-repositories.save
http.error.consent.edit,http.error.consent.edit
http.error.consent.one,http.error.consent.one
http.error.document,http.error.document
http.error.fileanalysis,http.error.fileanalysis
http.error.openaire,http.error.openaire
http.error.plans.delete,http.error.plans.delete
http.error.plans.load.all,http.error.plans.load.all
http.error.plans.load.one,http.error.plans.load.one
http.error.plans.load.yours,http.error.plans.load.yours
http.error.plans.save,http.error.plans.save
http.error.plans.update,http.error.plans.update
http.error.projectmembers,http.error.projectmembers
http.error.projects,http.error.projects
http.error.repositories.all,http.error.repositories.all
http.error.repositories.one,http.error.repositories.one
http.error.repositories.recommended,http.error.repositories.recommended
http.error.repositories.search,http.error.repositories.search
http.error.standard,http.error.standard
http.error.storageErrors.invalidUrl,http.error.storageErrors.invalidUrl
http.error.storageErrors.lastTranslation,http.error.storageErrors.lastTranslation
http.error.storageErrors.stillInUse,http.error.storageErrors.stillInUse
http.error.storages,http.error.storages
http.error.versions.load,http.error.versions.load
http.error.versions.revision,http.error.versions.revision
http.error.versions.save,http.error.versions.save
http.success.admin.recommended-repositories.delete,http.success.recommended-repositories.delete
http.success.storage.add,http.success.storage.add
http.success.storage.delete,http.success.storage.delete
http.success.storage.edit,http.success.storage.edit
http.success.storage.translations.add,http.success.storage.translations.add
http.success.storage.translations.delete,http.success.storage.translations.delete
http.success.storage.translations.edit,http.success.storage.translations.edit
info.cris,info.cris
info.dataset.none,dmp.steps.data.specify.info.none
info.dataset.unknown,info.dataset.unknown
info.documentation.metadata,dmp.steps.documentation.info.metadata
info.ethical.committeeReviewed.mail.link,"dmp.steps.legal.info.committeeReviewed.mail.link"""
info.ethical.committeeReviewed.mail.text,dmp.steps.legal.info.committeeReviewed.mail.text
info.ethical.committeeReviewed.prefix,dmp.steps.legal.info.committeeReviewed.prefix
info.ethical.committeeReviewed.suffix,dmp.steps.legal.info.committeeReviewed.suffix
info.ethical.ethicalIssues.researchEthics.link,dmp.steps.legal.info.ethicalIssues.researchEthics.link
info.ethical.ethicalIssues.researchEthics.text,dmp.steps.legal.info.ethicalIssues.researchEthics.text
info.ethical.ethicalIssues.text,dmp.steps.legal.info.ethicalIssues.text
info.ethical.humanParticipants.middle,dmp.steps.legal.info.humanParticipants.middle
info.ethical.humanParticipants.prefix,dmp.steps.legal.info.humanParticipants.prefix
info.ethical.humanParticipants.researchEthics.link,dmp.steps.legal.info.humanParticipants.researchEthics.link
info.ethical.humanParticipants.researchEthics.text,dmp.steps.legal.info.humanParticipants.researchEthics.text
info.ethical.humanParticipants.researchEthicsCoordination.link,dmp.steps.legal.info.humanParticipants.researchEthicsCoordination.link
info.ethical.humanParticipants.researchEthicsCoordination.text,dmp.steps.legal.info.humanParticipants.researchEthicsCoordination.text
info.repositories.retention,dmp.steps.repositories.info.retention
information.purpose.registration.id,consent-popup.personalData.institutionalId
information.purpose.registration.label,consent-popup.personalData.registrationLabel
information.purpose.registration.mail,consent-popup.personalData.email
information.purpose.registration.name,consent-popup.personalData.fullName
information.text,consent-popup.personalData.processingAgreement
landing-page.servers-down,landing.servers-down
landing-page.servers-down-retrying,landing.servers-down-retrying
landing-page.servers-up,landing.servers-up
landing-page.start,landing.start
landing-page.title,landing.title
languages,languages
layout.dataprotection.link,sidebar.footer.data-protection-declaration.link
layout.dataprotection.text,sidebar.footer.data-protection-declaration
layout.gdpr,sidebar.footer.gdpr-info
layout.icon.dataAlert,sidebar.footer.collapsed.hint
layout.impressum.link,sidebar.footer.impressum.link
layout.impressum.text,sidebar.footer.impressum
layout.logo.link,info.how-to-create.tool.link
layout.logo.text,layout.logo.text
layout.logout,layout.logout
layout.menu.admin,sidebar.navigation.admin
layout.menu.adminSection,admin.dashboard.section-intro
layout.menu.greeting,layout.menu.greeting
layout.menu.home,sidebar.navigation.home
layout.menu.mobile.close,sidebar.header.button.hint
layout.menu.plans,sidebar.navigation.dmps
layout.menu.section,dashboard.home.section-intro
layout.menu.titleDashboard,admin.dashboard.title
layout.termsandconditions.link,sidebar.footer.terms-and-conditions.link
layout.termsandconditions.text,sidebar.footer.terms-and-conditions
layout.version,sidebar.footer.version
license.wizard.answer.copyleft,license-wizard.answer.copyleft
license.wizard.answer.data,license-wizard.answer.data
license.wizard.answer.executable,license-wizard.answer.executable
license.wizard.answer.library,license-wizard.answer.library
license.wizard.answer.licenseInteropSoftware,license-wizard.answer.licenseInteropSoftware
license.wizard.answer.next,license-wizard.answer.next
license.wizard.answer.software,license-wizard.answer.software
license.wizard.info,license-wizard.info
license.wizard.legalWarning,license-wizard.legalWarning
license.wizard.license.agpl1.description,license-wizard.license.agpl1.description
license.wizard.license.agpl1.name,license-wizard.license.agpl1.name
license.wizard.license.agpl1plus.description,license-wizard.license.agpl1plus.description
license.wizard.license.agpl1plus.name,license-wizard.license.agpl1plus.name
license.wizard.license.agpl3.description,license-wizard.license.agpl3.description
license.wizard.license.agpl3.name,license-wizard.license.agpl3.name
license.wizard.license.agpl3plus.description,license-wizard.license.agpl3plus.description
license.wizard.license.agpl3plus.name,license-wizard.license.agpl3plus.name
license.wizard.license.apache1.description,license-wizard.license.apache1.description
license.wizard.license.apache1.name,license-wizard.license.apache1.name
license.wizard.license.apache1_1.description,license-wizard.license.apache1_1.description
license.wizard.license.apache1_1.name,license-wizard.license.apache1_1.name
license.wizard.license.apache2.description,license-wizard.license.apache2.description
license.wizard.license.apache2.name,license-wizard.license.apache2.name
license.wizard.license.artistic1.description,license-wizard.license.artistic1.description
license.wizard.license.artistic1.name,license-wizard.license.artistic1.name
license.wizard.license.artistic1Perl.description,license-wizard.license.artistic1Perl.description
license.wizard.license.artistic1Perl.name,license-wizard.license.artistic1Perl.name
license.wizard.license.artistic2.description,license-wizard.license.artistic2.description
license.wizard.license.artistic2.name,license-wizard.license.artistic2.name
license.wizard.license.bsd2c.description,license-wizard.license.bsd2c.description
license.wizard.license.bsd2c.name,license-wizard.license.bsd2c.name
license.wizard.license.bsd3c.description,license-wizard.license.bsd3c.description
license.wizard.license.bsd3c.name,license-wizard.license.bsd3c.name
license.wizard.license.ccBy.description,license-wizard.license.ccBy.description
license.wizard.license.ccBy.name,license-wizard.license.ccBy.name
license.wizard.license.ccByNc.description,license-wizard.license.ccByNc.description
license.wizard.license.ccByNc.name,license-wizard.license.ccByNc.name
license.wizard.license.ccByNcNd.description,license-wizard.license.ccByNcNd.description
license.wizard.license.ccByNcNd.name,license-wizard.license.ccByNcNd.name
license.wizard.license.ccByNcSa.description,license-wizard.license.ccByNcSa.description
license.wizard.license.ccByNcSa.name,license-wizard.license.ccByNcSa.name
license.wizard.license.ccByNd.description,license-wizard.license.ccByNd.description
license.wizard.license.ccByNd.name,license-wizard.license.ccByNd.name
license.wizard.license.ccBySa.description,license-wizard.license.ccBySa.description
license.wizard.license.ccBySa.name,license-wizard.license.ccBySa.name
license.wizard.license.ccPublicDomain.description,license-wizard.license.ccPublicDomain.description
license.wizard.license.ccPublicDomain.name,license-wizard.license.ccPublicDomain.name
license.wizard.license.ccZero.description,license-wizard.license.ccZero.description
license.wizard.license.ccZero.name,license-wizard.license.ccZero.name
license.wizard.license.cddl1.description,license-wizard.license.cddl1.description
license.wizard.license.cddl1.name,license-wizard.license.cddl1.name
license.wizard.license.cddl1_1.description,license-wizard.license.cddl1_1.description
license.wizard.license.cddl1_1.name,license-wizard.license.cddl1_1.name
license.wizard.license.custom.description,license-wizard.license.custom.description
license.wizard.license.custom.name,license-wizard.license.custom.name
license.wizard.license.epl1.description,license-wizard.license.epl1.description
license.wizard.license.epl1.name,license-wizard.license.epl1.name
license.wizard.license.epl2.description,license-wizard.license.epl2.description
license.wizard.license.epl2.name,license-wizard.license.epl2.name
license.wizard.license.gpl2.description,license-wizard.license.gpl2.description
license.wizard.license.gpl2.name,license-wizard.license.gpl2.name
license.wizard.license.gpl2plus.description,license-wizard.license.gpl2plus.description
license.wizard.license.gpl2plus.name,license-wizard.license.gpl2plus.name
license.wizard.license.gpl3.description,license-wizard.license.gpl3.description
license.wizard.license.gpl3.name,license-wizard.license.gpl3.name
license.wizard.license.gpl3plus.description,license-wizard.license.gpl3plus.description
license.wizard.license.gpl3plus.name,license-wizard.license.gpl3plus.name
license.wizard.license.lgpl2.description,license-wizard.license.lgpl2.description
license.wizard.license.lgpl2.name,license-wizard.license.lgpl2.name
license.wizard.license.lgpl2_1.description,license-wizard.license.lgpl2_1.description
license.wizard.license.lgpl2_1.name,license-wizard.license.lgpl2_1.name
license.wizard.license.lgpl2_1plus.description,license-wizard.license.lgpl2_1plus.description
license.wizard.license.lgpl2_1plus.name,license-wizard.license.lgpl2_1plus.name
license.wizard.license.lgpl2plus.description,license-wizard.license.lgpl2plus.description
license.wizard.license.lgpl2plus.name,license-wizard.license.lgpl2plus.name
license.wizard.license.lgpl3.description,license-wizard.license.lgpl3.description
license.wizard.license.lgpl3.name,license-wizard.license.lgpl3.name
license.wizard.license.lgpl3plus.description,license-wizard.license.lgpl3plus.description
license.wizard.license.lgpl3plus.name,license-wizard.license.lgpl3plus.name
license.wizard.license.mit.description,license-wizard.license.mit.description
license.wizard.license.mit.name,license-wizard.license.mit.name
license.wizard.license.mpl1.description,license-wizard.license.mpl1.description
license.wizard.license.mpl1.name,license-wizard.license.mpl1.name
license.wizard.license.mpl1_1.description,license-wizard.license.mpl1_1.description
license.wizard.license.mpl1_1.name,license-wizard.license.mpl1_1.name
license.wizard.license.mpl2.description,license-wizard.license.mpl2.description
license.wizard.license.mpl2.name,license-wizard.license.mpl2.name
license.wizard.license.nolicense.description,license-wizard.license.nolicense.description
license.wizard.license.nolicense.name,license-wizard.license.nolicense.name
license.wizard.license.odbl.description,license-wizard.license.odbl.description
license.wizard.license.odbl.name,license-wizard.license.odbl.name
license.wizard.license.odcBy.description,license-wizard.license.odcBy.description
license.wizard.license.odcBy.name,license-wizard.license.odcBy.name
license.wizard.license.pddl.description,license-wizard.license.pddl.description
license.wizard.license.pddl.name,license-wizard.license.pddl.name
license.wizard.none.found,license-wizard.none.found
license.wizard.question.allowDerivativeWorks,license-wizard.question.allowDerivativeWorks
license.wizard.question.cantLicense,license-wizard.question.cantLicense
license.wizard.question.commercialUse,license-wizard.question.commercialUse
license.wizard.question.copyleft,license-wizard.question.copyleft
license.wizard.question.data,license-wizard.question.data
license.wizard.question.decideAttributes,license-wizard.question.decideAttributes
license.wizard.question.ensureLicensing,license-wizard.question.ensureLicensing
license.wizard.question.licenseInteropData,license-wizard.question.licenseInteropData
license.wizard.question.licenseInteropSoftware,license-wizard.question.licenseInteropSoftware
license.wizard.question.root,license-wizard.question.root
license.wizard.question.shareAlike,license-wizard.question.shareAlike
license.wizard.question.software,license-wizard.question.software
license.wizard.question.strongCopyleft,license-wizard.question.strongCopyleft
license.wizard.reset,license-wizard.reset
license.wizard.search,license-wizard.search
license.wizard.select,license-wizard.select
license.wizard.title,license-wizard.title
metadatastandards,dmp.steps.repositories.metadatastandards
no,no
or,or
plans.alldmps,plans.alldmps
plans.create.dmp,plans.create.dmp
plans.loading.failed,plans.loading.failed
plans.loading.load,plans.loading.load
plans.myDmpsDescription,dashboard.cards.my-dmps.back-side
plans.mydmps,dashboard.cards.my-dmps.front-side
plans.table.actions.access,plans.table.actions.access
plans.table.actions.delete,plans.table.actions.delete
plans.table.actions.edit,plans.table.actions.edit
plans.table.actions.history,plans.table.actions.history
plans.table.empty,plans.table.empty
plans.table.export.doc,plans.table.export.doc
plans.table.export.json,plans.table.export.json
plans.table.header.contact,plans.table.header.contact
plans.table.header.created,plans.table.header.created
plans.table.header.modified,plans.table.header.modified
plans.table.header.title,plans.table.header.title
plans.table.header.version,plans.table.header.version
plans.table.header.version_name,plans.table.header.version_name
plans.table.header.version_tag,plans.table.header.version_tag
plans.table.nocontact,plans.table.nocontact
plans.table.nodatafilter,plans.table.nodatafilter
plans.table.search,plans.table.search
preview.info,preview.info
preview.requestTemplateSelection,preview.requestTemplateSelection
preview.templateSelection,preview.templateSelection
preview.title,preview.title
title,title
treeselect.filter,treeselect.filter
treeselect.options,treeselect.options
treeselect.toggle,treeselect.toggle
upload.file.choose,file-upload.button.choose
upload.file.dragdrop,file-upload.dropzone.hint
versions.editor,dmp.versions.editor
versions.list.no.data,dmp.versions.list.no.data
versions.versionDate,dmp.versions.versionDate
versions.versionId,dmp.versions.versionId
versions.versionName,dmp.versions.versionName
versions.view.button.collapse,dmp.versions.view.button.collapse
versions.view.button.expand,dmp.versions.view.button.expand
versions.view.button.goto.latest,dmp.versions.view.button.goto.latest
versions.view.button.versions,dmp.versions.view.button.versions
versions.view.contributors.heading,dmp.versions.view.contributors.heading
versions.view.costs.heading,dmp.versions.view.costs.heading
versions.view.datasets.data.access.label,dmp.versions.view.datasets.data.access.label
versions.view.datasets.data.access.other,dmp.versions.view.datasets.data.access.other
versions.view.datasets.data.access.public,dmp.versions.view.datasets.data.access.public
versions.view.datasets.data.access.selected,dmp.versions.view.datasets.data.access.selected
versions.view.datasets.data.none,dmp.versions.view.datasets.data.none
versions.view.datasets.data.unknown,dmp.versions.view.datasets.data.unknown
versions.view.datasets.deletion.date,dmp.versions.view.datasets.deletion.date
versions.view.datasets.deletion.person,dmp.versions.view.datasets.deletion.person
versions.view.datasets.deletion.reason,dmp.versions.view.datasets.deletion.reason
versions.view.datasets.description,dmp.versions.view.datasets.description
versions.view.datasets.heading,dmp.versions.view.datasets.heading
versions.view.datasets.license,dmp.versions.view.datasets.license
versions.view.datasets.restrictions.label,dmp.versions.view.datasets.restrictions.label
versions.view.datasets.restrictions.legal,dmp.versions.view.datasets.restrictions.legal
versions.view.datasets.restrictions.personal,dmp.versions.view.datasets.restrictions.personal
versions.view.datasets.restrictions.sensitive,dmp.versions.view.datasets.restrictions.sensitive
versions.view.datasets.retention.period,dmp.versions.view.datasets.retention.period
versions.view.datasets.size,dmp.versions.view.datasets.size
versions.view.documentation.data.generation,dmp.versions.view.documentation.data.generation
versions.view.documentation.data.quality,dmp.versions.view.documentation.data.quality
versions.view.documentation.documentation,dmp.versions.view.documentation.documentation
versions.view.documentation.heading,dmp.versions.view.documentation.heading
versions.view.documentation.metadata,dmp.versions.view.documentation.metadata
versions.view.documentation.structure,dmp.versions.view.documentation.structure
versions.view.ethical.committee.reviewed,dmp.versions.view.ethical.committee.reviewed
versions.view.ethical.human.participants,dmp.versions.view.ethical.human.participants
versions.view.ethical.issues,dmp.versions.view.ethical.issues
versions.view.legal.heading,dmp.versions.view.legal.heading
versions.view.legal.personal.data.compliance,dmp.versions.view.legal.personal.data.compliance
versions.view.legal.personal.data.other.compliance,dmp.versions.view.legal.personal.data.other.compliance
versions.view.legal.personal.data.present,dmp.versions.view.legal.personal.data.present
versions.view.legal.restrictions.comment,dmp.versions.view.legal.restrictions.comment
versions.view.legal.restrictions.data.rights.access,dmp.versions.view.legal.restrictions.data.rights.access
versions.view.legal.restrictions.documents,dmp.versions.view.legal.restrictions.documents
versions.view.legal.restrictions.other.documents,dmp.versions.view.legal.restrictions.other.documents
versions.view.legal.restrictions.present,dmp.versions.view.legal.restrictions.present
versions.view.legal.sensitive.data.access,dmp.versions.view.legal.sensitive.data.access
versions.view.legal.sensitive.data.other.security,dmp.versions.view.legal.sensitive.data.other.security
versions.view.legal.sensitive.data.present,dmp.versions.view.legal.sensitive.data.present
versions.view.legal.sensitive.data.security,dmp.versions.view.legal.sensitive.data.security
versions.view.project.heading,dmp.versions.view.project.heading
versions.view.repositories.datasets,dmp.versions.view.repositories.datasets
versions.view.repositories.heading,dmp.versions.view.repositories.heading
versions.view.reuse.access.info.closed,dmp.versions.view.reuse.access.info.closed
versions.view.reuse.access.info.restricted,dmp.versions.view.reuse.access.info.restricted
versions.view.reuse.heading,dmp.versions.view.reuse.heading
versions.view.reuse.restricted.data.access,dmp.versions.view.reuse.restricted.data.access
versions.view.reuse.target.audience,dmp.versions.view.reuse.target.audience
versions.view.reuse.tools,dmp.versions.view.reuse.tools
versions.view.storage.backup.frequency,dmp.versions.view.storage.backup.frequency
versions.view.storage.backup.location,dmp.versions.view.storage.backup.location
versions.view.storage.datasets,dmp.versions.view.storage.datasets
versions.view.storage.heading,dmp.versions.view.storage.heading
versions.view.storage.location,dmp.versions.view.storage.location
versions.view.storage.url,dmp.versions.view.storage.url
withdrawal,consent-popup.withdrawal.notice
yes,yes
